,created_at,Count
0,Thu Jun 19 10:20:06 +0000 2014,1
1,Sat Mar 12 14:19:14 +0000 2011,1
2,Sun Apr 21 15:44:52 +0000 2013,1
3,Sat Mar 19 04:41:52 +0000 2011,1
4,Sat Mar 06 05:49:23 +0000 2010,1
5,Sun Jul 02 04:52:21 +0000 2017,1
6,Sun Oct 15 18:53:23 +0000 2017,1
7,Mon Jun 20 16:03:35 +0000 2011,1
8,Sat Jun 10 14:18:27 +0000 2017,1
9,Sat Feb 17 07:02:30 +0000 2018,1
10,Thu Jan 04 01:44:19 +0000 2018,1
11,Mon Mar 05 09:16:21 +0000 2018,1
12,Wed Dec 14 22:14:01 +0000 2016,1
13,Thu Oct 19 14:23:48 +0000 2017,1
14,Thu Oct 06 14:35:43 +0000 2011,1
15,Fri Oct 14 08:52:19 +0000 2016,1
16,Tue Dec 29 15:37:01 +0000 2015,1
17,Wed Sep 27 23:58:15 +0000 2017,1
18,Mon Jun 10 12:00:15 +0000 2013,1
19,Fri Jul 17 10:54:21 +0000 2015,1
20,Sun Dec 20 10:28:02 +0000 2015,1
21,Sun Jun 11 00:49:18 +0000 2017,1
22,Sun Mar 18 01:51:35 +0000 2018,1
23,Fri Aug 05 04:20:55 +0000 2011,1
24,Sat Oct 14 07:36:19 +0000 2017,1
25,Wed Sep 20 19:44:03 +0000 2017,1
26,Sun Jan 26 12:25:58 +0000 2014,1
27,Sat Sep 29 03:33:03 +0000 2012,1
28,Sat Oct 28 21:07:12 +0000 2017,1
29,Fri Oct 14 13:15:04 +0000 2016,1
30,Wed Sep 23 09:23:53 +0000 2009,1
31,Mon Oct 16 02:05:53 +0000 2017,1
32,Thu Mar 17 14:38:54 +0000 2016,1
33,Mon Jun 12 08:17:02 +0000 2017,1
34,Fri Apr 17 13:57:32 +0000 2015,1
35,Sun Jan 28 16:48:54 +0000 2018,1
36,Wed Aug 19 17:05:54 +0000 2015,1
37,Sun Nov 27 12:07:12 +0000 2016,1
38,Sat Mar 12 10:35:58 +0000 2016,1
39,Fri Mar 15 01:57:06 +0000 2013,1
40,Wed Oct 14 04:51:49 +0000 2009,1
41,Thu Feb 22 17:17:23 +0000 2018,1
42,Thu Sep 16 13:09:21 +0000 2010,1
43,Thu Jan 11 02:14:20 +0000 2018,1
44,Mon Jan 09 12:23:00 +0000 2012,1
45,Sat Feb 20 18:01:31 +0000 2016,1
46,Sat Aug 12 10:15:20 +0000 2017,1
47,Mon Mar 12 19:45:31 +0000 2018,1
48,Thu Mar 08 03:53:33 +0000 2018,1
49,Sun Feb 18 16:08:51 +0000 2018,1
50,Sat May 17 06:01:35 +0000 2014,1
51,Mon Jan 22 11:49:10 +0000 2018,1
52,Tue Jan 07 15:19:00 +0000 2014,1
53,Mon Mar 19 13:35:40 +0000 2018,1
54,Mon Sep 04 11:00:17 +0000 2017,1
55,Sun Dec 03 18:24:15 +0000 2017,1
56,Tue Aug 11 02:58:59 +0000 2015,1
57,Sat Apr 16 16:32:02 +0000 2016,1
58,Thu Oct 26 14:32:40 +0000 2017,1
59,Mon Feb 19 04:49:15 +0000 2018,1
60,Sun Feb 21 19:15:48 +0000 2016,1
61,Sun Jul 24 05:49:08 +0000 2011,1
62,Sat Dec 09 14:56:37 +0000 2017,1
63,Tue Oct 10 13:27:25 +0000 2017,1
64,Thu Jun 17 08:14:08 +0000 2010,1
65,Mon Jan 05 15:56:21 +0000 2015,1
66,Mon Mar 05 18:53:44 +0000 2012,1
67,Fri Jan 19 13:33:56 +0000 2018,1
68,Wed Nov 22 04:30:34 +0000 2017,1
69,Sun Jul 09 13:32:00 +0000 2017,1
70,Wed Mar 14 15:24:38 +0000 2018,1
71,Wed Jul 22 15:01:27 +0000 2015,1
72,Fri Feb 28 10:38:18 +0000 2014,1
73,Fri Dec 08 09:47:10 +0000 2017,1
74,Sun Feb 04 09:59:45 +0000 2018,1
75,Thu Dec 22 15:21:03 +0000 2016,1
76,Wed Jan 20 17:25:31 +0000 2010,1
77,Fri Jan 05 15:34:26 +0000 2018,1
78,Mon Sep 05 21:21:12 +0000 2011,1
79,Mon Jun 29 16:45:29 +0000 2009,1
80,Wed Feb 28 08:44:01 +0000 2018,1
81,Thu Mar 31 17:23:37 +0000 2011,1
82,Thu Nov 07 04:31:39 +0000 2013,1
83,Sat Oct 14 06:03:19 +0000 2017,1
84,Wed Jul 14 17:04:23 +0000 2010,1
85,Mon Mar 13 16:22:50 +0000 2017,1
86,Wed Jun 10 11:12:46 +0000 2015,1
87,Sat Apr 08 10:46:47 +0000 2017,1
88,Thu Mar 03 15:08:44 +0000 2016,1
89,Fri Feb 23 04:08:03 +0000 2018,1
90,Tue Jun 18 08:25:13 +0000 2013,1
91,Mon Jan 15 03:36:59 +0000 2018,1
92,Mon Oct 09 14:27:29 +0000 2017,1
93,Sat Feb 18 03:28:14 +0000 2017,1
94,Sat Dec 09 09:44:40 +0000 2017,1
95,Wed Nov 23 08:10:48 +0000 2011,1
96,Sun Jan 15 09:19:58 +0000 2012,1
97,Wed Jan 10 13:49:36 +0000 2018,1
98,Sat Jul 08 13:40:07 +0000 2017,1
99,Tue Dec 12 09:44:54 +0000 2017,1
100,Sun Mar 04 16:36:14 +0000 2018,1
101,Tue Nov 14 12:34:01 +0000 2017,1
102,Thu Nov 08 16:34:26 +0000 2012,1
103,Fri Apr 07 20:52:15 +0000 2017,1
104,Thu Mar 08 19:58:39 +0000 2018,1
105,Sat Apr 18 17:09:55 +0000 2015,1
106,Fri Jun 29 06:56:07 +0000 2012,1
107,Mon Jan 29 12:13:26 +0000 2018,1
108,Sat Mar 10 14:34:30 +0000 2018,1
109,Sun Nov 27 16:59:23 +0000 2016,1
110,Fri May 07 06:01:57 +0000 2010,1
111,Thu Mar 10 09:20:20 +0000 2011,1
112,Tue Jun 21 07:59:22 +0000 2016,1
113,Mon Feb 08 04:08:02 +0000 2016,1
114,Mon Dec 26 11:28:50 +0000 2016,1
115,Fri Apr 30 20:25:18 +0000 2010,1
116,Tue Jun 03 11:03:51 +0000 2008,1
117,Wed Jun 26 03:57:57 +0000 2013,1
118,Thu Apr 12 00:31:18 +0000 2012,1
119,Thu Nov 26 07:36:59 +0000 2015,1
120,Thu Oct 28 17:08:22 +0000 2010,1
121,Sat Jun 18 16:14:32 +0000 2011,1
122,Sun Oct 29 07:34:20 +0000 2017,1
123,Thu Aug 09 11:02:32 +0000 2012,1
124,Sun Nov 12 15:17:22 +0000 2017,1
125,Tue Nov 04 10:36:38 +0000 2014,1
126,Sat Nov 25 03:54:32 +0000 2017,1
127,Sun Aug 06 06:19:43 +0000 2017,1
128,Thu Jan 10 10:45:03 +0000 2013,1
129,Mon Nov 27 13:29:14 +0000 2017,1
130,Wed Oct 11 17:57:35 +0000 2017,1
131,Tue Sep 05 07:55:53 +0000 2017,1
132,Tue Feb 26 13:47:09 +0000 2013,1
133,Tue Nov 07 11:37:50 +0000 2017,1
134,Wed Jul 28 09:19:46 +0000 2010,1
135,Fri Mar 08 12:44:06 +0000 2013,1
136,Thu Oct 28 12:25:22 +0000 2010,1
137,Tue Jun 13 01:59:17 +0000 2017,1
138,Thu Oct 12 14:19:29 +0000 2017,1
139,Mon Aug 14 00:27:37 +0000 2017,1
140,Sun May 07 15:34:05 +0000 2017,1
141,Thu Oct 13 14:23:21 +0000 2011,1
142,Fri Feb 16 09:03:03 +0000 2018,1
143,Thu Jun 27 04:41:19 +0000 2013,1
144,Thu Apr 30 08:27:35 +0000 2015,1
145,Mon Jun 13 16:29:43 +0000 2011,1
146,Sat Sep 05 20:14:50 +0000 2009,1
147,Sun Jan 14 05:36:11 +0000 2018,1
148,Thu Aug 17 16:20:26 +0000 2017,1
149,Tue Jun 06 02:58:35 +0000 2017,1
150,Sat Mar 03 15:31:56 +0000 2018,1
151,Mon Nov 13 09:56:27 +0000 2017,1
152,Sat Mar 24 05:24:17 +0000 2018,1
153,Sun Dec 24 14:47:25 +0000 2017,1
154,Tue Oct 15 13:14:04 +0000 2013,1
155,Sat Mar 10 10:38:13 +0000 2018,1
156,Wed Apr 26 13:11:32 +0000 2017,1
157,Tue Sep 01 19:50:44 +0000 2009,1
158,Wed Jan 02 04:19:09 +0000 2013,1
159,Mon Jul 24 21:01:28 +0000 2017,1
160,Wed Jun 09 05:18:44 +0000 2010,1
161,Wed Feb 16 01:40:06 +0000 2011,1
162,Sun Jan 14 08:05:41 +0000 2018,1
163,Wed Jul 19 15:22:34 +0000 2017,1
164,Tue Feb 27 03:24:48 +0000 2018,1
165,Fri Feb 28 11:18:04 +0000 2014,1
166,Fri Oct 28 13:37:30 +0000 2011,1
167,Sat Sep 23 03:18:26 +0000 2017,1
168,Thu Jan 11 13:12:22 +0000 2018,1
169,Sat Dec 13 04:49:59 +0000 2014,1
170,Tue Aug 25 12:00:35 +0000 2015,1
171,Tue Jun 27 16:20:32 +0000 2017,1
172,Mon Sep 28 05:17:01 +0000 2015,1
173,Mon May 02 05:10:03 +0000 2016,1
174,Sun Aug 21 12:09:25 +0000 2016,1
175,Wed Sep 01 10:51:27 +0000 2010,1
176,Fri Feb 23 18:34:52 +0000 2018,1
177,Thu Dec 29 15:02:30 +0000 2016,1
178,Fri Mar 31 06:11:00 +0000 2017,1
179,Fri Oct 20 19:53:26 +0000 2017,1
180,Wed Mar 17 14:30:34 +0000 2010,1
181,Sun Oct 23 18:41:16 +0000 2016,1
182,Wed Apr 13 17:12:15 +0000 2016,1
183,Sat Oct 21 12:48:16 +0000 2017,1
184,Sun Dec 03 11:00:31 +0000 2017,1
185,Sun Jun 01 08:20:34 +0000 2014,1
186,Sun Mar 11 02:34:29 +0000 2018,1
187,Sat Feb 13 13:23:17 +0000 2010,1
188,Fri Mar 16 05:18:55 +0000 2018,1
189,Wed Jan 31 12:33:56 +0000 2018,1
190,Wed Nov 04 12:58:01 +0000 2015,1
191,Fri Oct 27 19:41:30 +0000 2017,1
192,Sat Apr 25 16:54:40 +0000 2009,1
193,Sun Apr 04 19:10:07 +0000 2010,1
194,Fri Jan 12 05:25:19 +0000 2018,1
195,Sun Jun 05 05:46:41 +0000 2011,1
196,Sun Jul 08 03:02:20 +0000 2012,1
197,Wed Jan 15 15:53:56 +0000 2014,1
198,Mon Mar 12 15:45:54 +0000 2018,1
199,Fri Mar 02 05:15:58 +0000 2018,1
200,Mon Mar 05 08:08:30 +0000 2018,1
201,Mon Jul 17 10:03:49 +0000 2017,1
202,Sun Jun 09 11:19:18 +0000 2013,1
203,Fri Jul 22 12:10:43 +0000 2016,1
204,Wed Feb 14 14:26:11 +0000 2018,1
205,Fri Oct 27 06:51:23 +0000 2017,1
206,Sun Sep 11 12:58:47 +0000 2016,1
207,Sat Feb 06 13:07:28 +0000 2016,1
208,Mon Dec 05 15:25:56 +0000 2011,1
209,Tue Aug 22 17:38:09 +0000 2017,1
210,Sat Oct 28 07:20:28 +0000 2017,1
211,Sat Mar 24 16:07:23 +0000 2018,1
212,Fri Aug 12 14:29:42 +0000 2016,1
213,Mon Mar 14 07:56:55 +0000 2016,1
214,Tue Nov 04 06:18:59 +0000 2014,1
215,Fri Aug 10 11:10:50 +0000 2012,1
216,Sun Jun 04 23:54:38 +0000 2017,1
217,Sun Jun 14 02:32:38 +0000 2015,1
218,Mon Nov 13 08:17:20 +0000 2017,1
219,Tue Aug 01 22:07:17 +0000 2017,1
220,Wed Feb 01 13:42:57 +0000 2017,1
221,Mon Apr 24 11:19:37 +0000 2017,1
222,Mon May 16 08:30:34 +0000 2011,1
223,Thu Feb 09 04:29:51 +0000 2017,1
224,Thu Oct 02 09:25:41 +0000 2014,1
225,Wed Jan 20 10:41:19 +0000 2016,1
226,Mon Mar 09 19:44:39 +0000 2015,1
227,Sat Nov 28 05:58:45 +0000 2009,1
228,Fri Mar 15 03:53:59 +0000 2013,1
229,Wed Nov 22 08:59:50 +0000 2017,1
230,Mon Aug 28 06:53:00 +0000 2017,1
231,Mon Dec 25 05:46:47 +0000 2017,1
232,Sun Jul 16 09:37:08 +0000 2017,1
233,Fri Jan 05 16:05:13 +0000 2018,1
234,Fri Oct 07 05:43:42 +0000 2016,1
235,Thu Dec 01 04:31:22 +0000 2011,1
236,Thu Aug 27 11:19:01 +0000 2015,1
237,Tue Jan 16 01:39:18 +0000 2018,1
238,Sun Jan 17 08:23:24 +0000 2016,1
239,Fri Oct 16 15:46:10 +0000 2009,1
240,Sat Nov 21 04:27:05 +0000 2009,1
241,Tue Mar 27 14:40:46 +0000 2018,1
242,Mon Feb 08 09:20:13 +0000 2010,1
243,Mon Mar 19 12:54:34 +0000 2018,1
244,Sat Apr 23 14:50:37 +0000 2016,1
245,Sun Jan 29 07:18:20 +0000 2017,1
246,Wed Aug 16 00:09:51 +0000 2017,1
247,Sat Jul 28 17:16:30 +0000 2012,1
248,Sun Feb 25 13:19:45 +0000 2018,1
249,Tue Mar 18 12:17:45 +0000 2014,1
250,Thu Sep 07 13:12:20 +0000 2017,1
251,Sat Oct 04 08:29:38 +0000 2014,1
252,Sat Feb 27 05:51:51 +0000 2010,1
253,Wed Sep 09 04:41:42 +0000 2009,1
254,Sun Aug 20 05:34:46 +0000 2017,1
255,Tue May 25 08:41:29 +0000 2010,1
256,Mon Oct 23 23:10:29 +0000 2017,1
257,Mon Nov 30 14:33:34 +0000 2015,1
258,Sun Feb 25 11:42:27 +0000 2018,1
259,Wed May 31 14:58:57 +0000 2017,1
260,Sun Oct 29 14:50:19 +0000 2017,1
261,Mon Mar 11 09:25:43 +0000 2013,1
262,Tue Apr 28 06:50:27 +0000 2009,1
263,Fri Aug 19 15:17:21 +0000 2016,1
264,Thu Apr 28 18:40:59 +0000 2016,1
265,Tue Dec 11 12:26:51 +0000 2012,1
266,Mon Feb 26 15:37:55 +0000 2018,1
267,Fri Apr 23 14:00:55 +0000 2010,1
268,Sat Jun 24 13:55:05 +0000 2017,1
269,Sat Aug 04 18:39:51 +0000 2012,1
270,Wed Dec 20 17:35:03 +0000 2017,1
271,Mon Jul 07 14:11:46 +0000 2014,1
272,Sat Apr 29 15:52:26 +0000 2017,1
273,Tue May 03 07:10:02 +0000 2011,1
274,Thu Mar 26 13:07:31 +0000 2015,1
275,Sun Nov 12 08:44:22 +0000 2017,1
276,Sat Jul 18 17:16:44 +0000 2015,1
277,Thu Aug 10 06:01:23 +0000 2017,1
278,Fri Mar 11 03:58:20 +0000 2016,1
279,Sat Sep 03 09:50:01 +0000 2011,1
280,Tue Sep 01 17:42:43 +0000 2015,1
281,Sat Jul 30 05:56:29 +0000 2016,1
282,Tue Nov 17 12:40:31 +0000 2015,1
283,Fri Dec 16 20:16:33 +0000 2016,1
284,Tue Mar 30 16:00:22 +0000 2010,1
285,Fri Mar 16 13:25:06 +0000 2018,1
286,Sat May 27 17:06:09 +0000 2017,1
287,Sat Mar 10 16:05:40 +0000 2018,1
288,Fri Mar 25 01:00:07 +0000 2011,1
289,Fri Aug 14 13:42:17 +0000 2009,1
290,Tue Apr 10 02:57:04 +0000 2012,1
291,Wed Jul 28 13:20:24 +0000 2010,1
292,Mon Dec 23 12:18:19 +0000 2013,1
293,Thu Oct 15 12:13:33 +0000 2009,1
294,Fri Jan 12 04:07:07 +0000 2018,1
295,Tue Oct 03 10:00:47 +0000 2017,1
296,Mon Jul 24 19:06:17 +0000 2017,1
297,Sat Sep 23 08:34:06 +0000 2017,1
298,Sat Mar 03 07:12:30 +0000 2018,1
299,Fri Nov 11 11:50:39 +0000 2011,1
300,Tue Mar 13 16:31:20 +0000 2018,1
301,Wed Oct 02 01:24:55 +0000 2013,1
302,Sun Jun 25 01:59:26 +0000 2017,1
303,Mon Mar 13 13:07:00 +0000 2017,1
304,Mon Nov 27 01:34:43 +0000 2017,1
305,Sat Nov 08 09:35:14 +0000 2014,1
306,Sat Feb 24 03:52:59 +0000 2018,1
307,Fri Feb 19 12:55:33 +0000 2010,1
308,Wed Nov 22 16:16:45 +0000 2017,1
309,Tue Jul 11 01:57:20 +0000 2017,1
310,Thu Jan 28 09:33:51 +0000 2016,1
311,Wed Oct 25 11:42:11 +0000 2017,1
312,Mon Apr 11 07:44:13 +0000 2016,1
313,Mon Feb 12 15:56:21 +0000 2018,1
314,Thu Apr 04 06:26:19 +0000 2013,1
315,Sun Sep 30 16:35:36 +0000 2012,1
316,Sun Oct 30 09:55:10 +0000 2016,1
317,Sun Aug 02 07:18:35 +0000 2009,1
318,Sat Dec 11 00:24:04 +0000 2010,1
319,Tue Oct 29 17:02:49 +0000 2013,1
320,Wed Nov 20 13:34:01 +0000 2013,1
321,Sat Dec 03 07:08:18 +0000 2016,1
322,Thu Sep 04 13:33:21 +0000 2014,1
323,Fri Apr 28 11:02:37 +0000 2017,1
324,Fri Apr 01 15:39:33 +0000 2016,1
325,Wed Dec 02 14:07:10 +0000 2009,1
326,Fri Jan 29 11:35:53 +0000 2016,1
327,Thu Feb 08 00:24:32 +0000 2018,1
328,Mon Feb 26 13:05:29 +0000 2018,1
329,Sun Jan 14 03:49:16 +0000 2018,1
330,Wed May 31 02:07:09 +0000 2017,1
331,Tue Nov 21 05:57:25 +0000 2017,1
332,Thu Nov 10 18:14:26 +0000 2011,1
333,Wed Nov 23 22:10:33 +0000 2016,1
334,Thu Mar 15 10:16:37 +0000 2018,1
335,Mon May 29 12:51:05 +0000 2017,1
336,Tue Feb 14 06:40:21 +0000 2017,1
337,Sun Mar 11 10:14:37 +0000 2018,1
338,Mon Oct 05 18:35:54 +0000 2015,1
339,Wed Feb 25 07:33:51 +0000 2015,1
340,Sat Feb 13 02:55:50 +0000 2016,1
341,Tue Oct 04 15:37:25 +0000 2016,1
342,Thu Jul 21 05:36:22 +0000 2016,1
343,Wed May 11 04:44:17 +0000 2016,1
344,Sun Aug 12 14:13:29 +0000 2012,1
345,Sat Jan 06 02:17:17 +0000 2018,1
346,Tue Mar 31 04:08:03 +0000 2015,1
347,Fri Dec 12 04:39:07 +0000 2008,1
348,Sat Sep 05 17:30:18 +0000 2015,1
349,Tue Dec 19 08:53:04 +0000 2017,1
350,Fri Mar 16 18:34:11 +0000 2018,1
351,Sun Jul 01 17:05:24 +0000 2012,1
352,Thu Aug 31 15:58:15 +0000 2017,1
353,Thu Aug 27 05:10:40 +0000 2009,1
354,Thu Oct 30 12:50:39 +0000 2014,1
355,Mon Dec 25 11:06:00 +0000 2017,1
356,Thu May 05 09:32:43 +0000 2011,1
357,Sat Jan 02 05:38:52 +0000 2010,1
358,Sun Feb 25 17:20:07 +0000 2018,1
359,Mon Apr 18 06:15:34 +0000 2011,1
360,Tue Nov 22 15:17:06 +0000 2016,1
361,Thu Jul 30 10:46:44 +0000 2015,1
362,Fri May 06 14:17:23 +0000 2016,1
363,Thu Mar 12 18:43:20 +0000 2015,1
364,Fri Oct 23 09:26:14 +0000 2009,1
365,Wed Sep 23 14:40:19 +0000 2009,1
366,Mon Sep 19 02:10:41 +0000 2016,1
367,Thu Jan 04 17:05:52 +0000 2018,1
368,Tue Aug 23 15:29:06 +0000 2016,1
369,Tue Jul 28 05:44:22 +0000 2009,1
370,Fri Jun 11 12:01:34 +0000 2010,1
371,Sat Oct 06 23:33:15 +0000 2012,1
372,Wed May 10 05:11:04 +0000 2017,1
373,Fri May 20 12:23:51 +0000 2016,1
374,Tue Jan 02 14:03:53 +0000 2018,1
375,Tue Mar 13 13:50:03 +0000 2018,1
376,Thu Nov 24 08:11:38 +0000 2011,1
377,Mon Sep 04 11:19:14 +0000 2017,1
378,Thu May 22 13:31:58 +0000 2014,1
379,Thu Aug 24 15:47:48 +0000 2017,1
380,Fri Mar 02 10:31:05 +0000 2018,1
381,Fri Aug 07 11:22:20 +0000 2015,1
382,Thu Oct 26 04:16:38 +0000 2017,1
383,Mon Mar 13 02:53:25 +0000 2017,1
384,Tue Mar 06 15:38:12 +0000 2018,1
385,Mon May 26 02:50:21 +0000 2014,1
386,Sun Feb 18 06:03:09 +0000 2018,1
387,Tue May 27 08:54:41 +0000 2014,1
388,Tue Jul 18 17:46:34 +0000 2017,1
389,Sun Jan 21 04:19:39 +0000 2018,1
390,Thu Aug 24 05:38:33 +0000 2017,1
391,Thu Mar 01 13:39:44 +0000 2018,1
392,Sun Jan 07 13:19:17 +0000 2018,1
393,Sun Jul 18 11:25:20 +0000 2010,1
394,Wed Apr 29 15:24:16 +0000 2015,1
395,Sat Oct 07 18:07:43 +0000 2017,1
396,Mon Sep 28 15:55:01 +0000 2009,1
397,Sat Feb 25 11:06:53 +0000 2017,1
398,Sat Apr 22 13:30:17 +0000 2017,1
399,Thu Sep 28 18:09:02 +0000 2017,1
400,Mon Dec 05 16:38:26 +0000 2016,1
401,Mon Jan 15 07:59:32 +0000 2018,1
402,Mon Jun 29 15:29:09 +0000 2015,1
403,Mon Feb 19 10:16:55 +0000 2018,1
404,Fri Mar 16 04:10:18 +0000 2018,1
405,Sun Oct 19 10:48:20 +0000 2014,1
406,Fri Apr 15 16:07:32 +0000 2016,1
407,Thu Oct 09 04:46:30 +0000 2008,1
408,Sun Dec 07 11:05:19 +0000 2014,1
409,Sun Jan 28 03:51:35 +0000 2018,1
410,Thu Feb 12 07:26:17 +0000 2015,1
411,Sat Nov 07 09:19:46 +0000 2015,1
412,Sun Jul 05 06:06:04 +0000 2009,1
413,Sun Sep 03 09:27:06 +0000 2017,1
414,Sat Nov 12 14:09:30 +0000 2016,1
415,Wed Sep 12 13:11:45 +0000 2012,1
416,Sat Feb 06 13:06:55 +0000 2016,1
417,Mon Feb 12 14:46:30 +0000 2018,1
418,Sat Mar 25 14:52:52 +0000 2017,1
419,Thu Jan 28 01:42:23 +0000 2016,1
420,Mon Aug 31 02:03:30 +0000 2015,1
421,Tue Jul 26 15:38:29 +0000 2016,1
422,Fri May 05 19:06:46 +0000 2017,1
423,Sun Jun 21 04:43:29 +0000 2015,1
424,Fri Sep 01 04:46:53 +0000 2017,1
425,Tue Jun 28 12:23:30 +0000 2016,1
426,Sat Nov 09 13:46:03 +0000 2013,1
427,Sun Feb 11 18:55:12 +0000 2018,1
428,Tue Oct 21 09:53:24 +0000 2014,1
429,Thu Jun 07 11:05:05 +0000 2012,1
430,Thu Mar 23 02:44:17 +0000 2017,1
431,Fri Mar 02 12:54:33 +0000 2018,1
432,Wed Jul 04 10:23:47 +0000 2012,1
433,Sat Feb 17 14:53:09 +0000 2018,1
434,Tue Jun 06 11:03:04 +0000 2017,1
435,Sun Feb 12 04:47:59 +0000 2017,1
436,Fri Apr 29 05:51:13 +0000 2016,1
437,Wed Jan 24 04:43:44 +0000 2018,1
438,Sat Sep 07 12:51:22 +0000 2013,1
439,Sun Dec 06 04:51:05 +0000 2009,1
440,Thu Feb 22 15:19:32 +0000 2018,1
441,Mon Sep 04 12:54:53 +0000 2017,1
442,Sat Apr 08 02:53:56 +0000 2017,1
443,Mon Feb 19 09:20:18 +0000 2018,1
444,Fri Mar 16 11:23:15 +0000 2018,1
445,Thu Mar 22 09:08:23 +0000 2018,1
446,Sat Mar 24 08:00:40 +0000 2012,1
447,Mon May 17 05:26:13 +0000 2010,1
448,Tue Dec 19 10:30:00 +0000 2017,1
449,Wed May 06 22:48:26 +0000 2015,1
450,Tue Oct 04 14:38:56 +0000 2016,1
451,Wed Mar 07 15:27:43 +0000 2018,1
452,Sat Mar 01 08:16:31 +0000 2014,1
453,Sat May 02 05:40:26 +0000 2015,1
454,Fri Oct 23 19:13:50 +0000 2009,1
455,Fri Nov 13 12:18:57 +0000 2009,1
456,Wed Nov 30 12:45:21 +0000 2016,1
457,Wed Aug 23 06:32:23 +0000 2017,1
458,Sun May 15 01:41:57 +0000 2011,1
459,Wed Mar 14 08:30:35 +0000 2012,1
460,Fri Jan 10 09:45:43 +0000 2014,1
461,Wed Oct 04 06:48:17 +0000 2017,1
462,Thu Feb 08 02:39:24 +0000 2018,1
463,Mon Nov 27 13:54:19 +0000 2017,1
464,Sun Aug 02 08:38:46 +0000 2009,1
465,Sun Aug 02 08:20:51 +0000 2009,1
466,Tue Apr 28 13:18:24 +0000 2009,1
467,Sat Aug 05 12:40:22 +0000 2017,1
468,Wed Mar 07 02:26:03 +0000 2018,1
469,Sat Jun 14 09:33:17 +0000 2014,1
470,Tue Aug 07 11:02:28 +0000 2012,1
471,Mon Jun 06 16:47:58 +0000 2016,1
472,Wed Mar 07 20:58:03 +0000 2018,1
473,Mon Aug 21 09:14:43 +0000 2017,1
474,Mon Sep 25 04:26:03 +0000 2017,1
475,Sun Dec 28 10:39:42 +0000 2014,1
476,Sun May 12 17:55:15 +0000 2013,1
477,Mon Dec 25 11:02:58 +0000 2017,1
478,Sun Jul 02 17:10:57 +0000 2017,1
479,Thu May 27 07:53:01 +0000 2010,1
480,Sat Sep 02 09:39:42 +0000 2017,1
481,Sun Jan 29 12:27:50 +0000 2012,1
482,Thu Mar 08 02:20:36 +0000 2018,1
483,Thu Jan 11 16:22:51 +0000 2018,1
484,Sun Jun 18 15:53:59 +0000 2017,1
485,Mon Apr 18 05:56:30 +0000 2011,1
486,Thu Feb 22 18:16:28 +0000 2018,1
487,Thu Apr 24 17:25:28 +0000 2014,1
488,Sat Mar 12 17:52:05 +0000 2016,1
489,Fri Aug 19 13:00:27 +0000 2011,1
490,Tue Feb 11 16:48:28 +0000 2014,1
491,Sat Sep 19 10:59:28 +0000 2015,1
492,Sun Sep 14 07:06:02 +0000 2014,1
493,Wed Jan 14 08:26:50 +0000 2015,1
494,Sun Oct 23 15:10:13 +0000 2016,1
495,Tue Mar 06 11:24:27 +0000 2018,1
496,Fri Jan 26 07:29:59 +0000 2018,1
497,Wed Apr 02 11:35:20 +0000 2014,1
498,Sun Aug 06 14:04:09 +0000 2017,1
499,Wed Sep 29 15:25:01 +0000 2010,1
