,profile_background_color,Count
0,F5F8FA,228
1,000000,117
2,C0DEED,88
3,131516,9
4,1A1B1F,8
5,FFFFFF,4
6,ACDED6,3
7,B2DFDA,3
8,0099B9,2
9,3B94D9,2
10,FA743E,2
11,BADFCD,2
12,F5ABB5,2
13,FF6699,2
14,352726,2
15,031C30,1
16,56627C,1
17,F01909,1
18,DB4040,1
19,006400,1
20,D7E7E6,1
21,ED9600,1
22,195C7D,1
23,FAE4BE,1
24,403F3F,1
25,642D8B,1
26,887766,1
27,ED0909,1
28,DD2E44,1
29,89C9FA,1
30,AD7A56,1
31,FBEAD0,1
32,9AE4E8,1
33,B37DFA,1
34,472718,1
35,B8B8B8,1
36,EDECE9,1
37,E8E8E8,1
38,0F0A02,1
39,709397,1
40,ABB8C2,1
