1DA1F2,301
ABB8C2,21
1B95E0,20
E81C4F,19
F58EA8,16
91D2FA,11
19CF86,11
FAB81E,9
0084B4,7
000000,6
981CEB,5
2FC2EF,5
009999,4
7FDBB6,4
FF691F,3
3B94D9,3
9266CC,3
DD2E44,3
B40B43,2
038543,2
89C9FA,2
F5ABB5,2
006400,2
D02B55,2
2CA3A3,1
5A3546,1
F57A9B,1
FA743E,1
887766,1
FF0000,1
FF5900,1
5DA5F6,1
00B348,1
72B50D,1
9D582E,1
088253,1
93A644,1
F18777,1
FBC2B1,1
0099CC,1
58B548,1
FFAA99,1
4A913C,1
A72B2B,1
777777,1
E6535B,1
FF83D8,1
4DD0E1,1
0099B9,1
306754,1
FC0B84,1
FF3300,1
333366,1
A1141F,1
F0F8FF,1
02183D,1
9370DB,1
367551,1
FF4000,1
FFFF88,1
FF55AA,1
